gene_name,peptide
ACTL6B,LVSNSWVQAILLPRPPK
ADGRB1,ERAGQPSPHPLGR
AGRN,ARVCVCTELR
CAMK2B,AGVPGAACSSLRVTERSAGSAETSPTGR
CAMK2B,AGVPGAACSSLR
CAMK2B,SAGSAETSPTGR
CAMK2B,MVSCRAGSCLRAGVPGAACSSLR
CAMK2B,SAGSAETSPTGRVPR
CAMK2B,ACLLVKMVSCRAGSCLRAGVPGAACSSLR
CAMK2B,AGVPGAACSSLRVTER
CAMK2B,AGVPGAACSSLRVTERSAGSAETSPTGRVPR
CAMK2B,VTERSAGSAETSPTGR
CAMK2B,VTERSAGSAETSPTGRVPR
CAMK2B,AGSCLRAGVPGAACSSLRVTER
CAMK2B,AGSCLRAGVPGAACSSLR
CAMK2B,MVSCRAGSCLRAGVPGAACSSLRVTER
CAMK2B,TNYFEKPLLLVCIAR
CAMK2B,MSLHSSPGDR
CAMK2B,ACLLVKMVSCR
CAMK2B,KNSLLWEFRPQTGCMYVAVGGSTHSK
CAMK2B,SAGSAETSPTGRVPRNLLPVHFWGFEFFPR
CAMK2B,MVSCRAGSCLR
CAMK2B,VTERSAGSAETSPTGRVPRNLLPVHFWGFEFFPR
DNM1,APPGVPRPAPPVRVNCHVDFVLSFR
DNM1,APPGVPRPAPPVR
HDGFL2,GHSGMLASEGREAVLTR
HDGFL2,EPTIWFGKGHSGMLASEGR
HDGFL2,GHSGMLASEGREAVLTRLHESER
HDGFL2,KGHSGMLASEGR
HDGFL2,KEPTIWFGKGHSGMLASEGR
HDGFL2,EKAPSASDSDSK
HDGFL2,EPTIWFGK
HDGFL2,GHSGMLASEGREAVLTRLHESERVR
HDGFL2,GHSGMLASEGR
KALRN,MDKPPSVSAR
KALRN,LCSGKPEGTGSR
KALRN,LPEYEFKMDKPPSVSAR
KALRN,VSASNPWGISLPSEPSEFVRLPEYEFK
KALRN,MDKPPSVSARLCSGKPEGTGSR
KALRN,MDKPPSVSARLCSGKPEGTGSRVS
KALRN,LPEYEFKMDKPPSVSARLCSGKPEGTGSR
KALRN,LCSGKPEGTGSRVS
KCNQ2,LLGSVVYAHSKITLTTIGYGDKYPQTWNGR
MYO18A,EEDKTLPKPGSPGK
MYO18A,EPSDVKEEDKTLPKPGSPGK
MYO18A,REPSDVKEEDK
MYO18A,EPSDVKEEDK
MYO1C,NLKEVATQFK
MYO1C,EVATQFK
MYO1C,NNDLLFRNLKEVATQFK
RSF1,VLQAPPPDVGNGEGSR
RSF1,KNTRGAGGGSSPK
RSF1,VLQAPPPDVGNGEGSRGGR
RSF1,VLQAPPPDVGNGEGSRGGRCCGSVIR
RSF1,NTRGAGGGSSPK
RSF1,NTRGAGGGSSPKLNHSNEPQHK
RSF1,GAGGGSSPKLNHSNEPQHK
RSF1,GAGGGSSPKLNHSNEPQHKIPGK
RSF1,VLQAPPPDVGNGEGSRGGRCCGSVIRR
RSF1,KPCSSYGFEGYR
RSF1,NTRGAGGGSSPKLNHSNEPQHKIPGK
RSF1,YGPLLDLPELPFPELERVLQAPPPDVGNGEGSRGGR
RSF1,LLLLTHYCSLSPR
RSF1,GAGGGSSPK
SYT7,AINFPGARLQSAACR