ID,Peptide,HLA,,,,,,
AARS,SSDPLPSSWDY,"['HLA-A0101', 'HLA-A3002']",,,,,,
AARS,KQIWQNLGL,"['HLA-A0201', 'HLA-A0202', 'HLA-A0206', 'HLA-A3201', 'HLA-A3207', 'HLA-B1503', 'HLA-B1517', 'HLA-B4001', 'HLA-B4013']",,,,,,
AARS,GMITAHCSL,"['HLA-A0201', 'HLA-A0202', 'HLA-A0203', 'HLA-A0206', 'HLA-A0211', 'HLA-A0212', 'HLA-A0216', 'HLA-A0219', 'HLA-A0250', 'HLA-B1501', 'HLA-B1503', 'HLA-C0303', 'HLA-C1402']",,,,,,
AARS,FLGSSDPL,"['HLA-A0202', 'HLA-A0212', 'HLA-A0216', 'HLA-A0219']",,,,,,
AARS,NLGLECSGMI,"['HLA-A0202', 'HLA-A0203']",,,,,,
AARS,SGMITAHCSL,"['HLA-A0202', 'HLA-A0203', 'HLA-B1501']",,,,,,
AARS,ITAHCSLNFL,"['HLA-A0202', 'HLA-A0203', 'HLA-A0206', 'HLA-A6802']",,,,,,
AARS,FLGSSDPLPS,"['HLA-A0202', 'HLA-A0203']",,,,,,
AARS,SLNFLGSSDPL,['HLA-A0202'],,,,,,
AARS,GLECSGMITA,['HLA-A0203'],,,,,,
AARS,FLGSSDPLP,['HLA-A0216'],,,,,,
AARS,NLGLECSGM,['HLA-A0250'],,,,,,
AARS,GLECSGMIT,['HLA-A0250'],,,,,,
AARS,SSWDYRLDDTK,['HLA-A1101'],,,,,,
AARS,ITAHCSLNF,"['HLA-A2301', 'HLA-A2902', 'HLA-A3201', 'HLA-B1501', 'HLA-B1503', 'HLA-B1517', 'HLA-B5801']",,,,,,
AARS,NFLGSSDPL,"['HLA-A2403', 'HLA-A3207', 'HLA-C0303', 'HLA-C1402']",,,,,,
AARS,MITAHCSLNF,"['HLA-A2902', 'HLA-B1501']",,,,,,
AARS,TAHCSLNFL,"['HLA-A3001', 'HLA-A6802', 'HLA-C0303']",,,,,,
AARS,DPLPSSWDYR,['HLA-A3301'],,,,,,
AARS,LPSSWDYRL,"['HLA-B0702', 'HLA-B3501', 'HLA-B4201', 'HLA-B5301']",,,,,,
AARS,MITAHCSL,['HLA-B0801'],,,,,,
AARS,GMITAHCSLNF,['HLA-B1501'],,,,,,
AARS,SSDPLPSSW,"['HLA-B1517', 'HLA-B5701', 'HLA-B5703', 'HLA-B5801']",,,,,,
AARS,LECSGMITA,"['HLA-B1801', 'HLA-B4002', 'HLA-B4501']",,,,,,
AARS,DPLPSSWDY,"['HLA-B1801', 'HLA-B3501']",,,,,,
AARS,YRLDDTKIL,"['HLA-B2705', 'HLA-B3901', 'HLA-C0602', 'HLA-C0701', 'HLA-C0702', 'HLA-C1402']",,,,,,
AARS,SDPLPSSWDY,['HLA-B3501'],,,,,,
AARS,PLPSSWDYRL,['HLA-B5301'],,,,,,
AARS,GSSDPLPSSW,"['HLA-B5701', 'HLA-B5801']",,,,,,
AARS,LGSSDPLPSSW,"['HLA-B5701', 'HLA-B5801']",,,,,,
ACTL6B,LLGSSNPPA,"['HLA-A0201', 'HLA-A0202', 'HLA-A0203', 'HLA-A0206', 'HLA-A0211', 'HLA-A0212', 'HLA-A0216', 'HLA-A0219']",,,,,,
ACTL6B,LMSEAPASFEL,"['HLA-A0201', 'HLA-A0202']",,,,,,
ACTL6B,LMSEAPASF,"['HLA-A0202', 'HLA-A0203', 'HLA-A0211', 'HLA-A0212', 'HLA-A0250', 'HLA-A2402', 'HLA-A3201', 'HLA-B1501', 'HLA-B1502', 'HLA-B1503', 'HLA-B1517', 'HLA-B3501', 'HLA-B5801', 'HLA-C0303']",,,,,,
ACTL6B,LMSEAPASFE,"['HLA-A0202', 'HLA-B1501', 'HLA-B1503']",,,,,,
ACTL6B,MSEAPASFEL,"['HLA-A0202', 'HLA-A6802', 'HLA-B4001', 'HLA-B4002', 'HLA-B4402', 'HLA-B5801']",,,,,,
ACTL6B,GIIGWNTRA,['HLA-A0203'],,,,,,
ACTL6B,VLMSEAPAS,"['HLA-A0211', 'HLA-A0219']",,,,,,
ACTL6B,IIGWNTRAK,"['HLA-A0301', 'HLA-A1101']",,,,,,
ACTL6B,GIIGWNTRAK,"['HLA-A0301', 'HLA-A1101']",,,,,,
ACTL6B,VLMSEAPASF,"['HLA-A2402', 'HLA-B1501', 'HLA-B1503']",,,,,,
ACTL6B,AGIIGWNTR,['HLA-A3101'],,,,,,
ACTL6B,IGWNTRAKR,"['HLA-A3101', 'HLA-A3301']",,,,,,
ACTL6B,SAGIIGWNTR,"['HLA-A3101', 'HLA-A6801']",,,,,,
ACTL6B,IIGWNTRAKR,"['HLA-A3101', 'HLA-A3301', 'HLA-A6801']",,,,,,
ACTL6B,GIIGWNTRAKR,['HLA-A3101'],,,,,,
ACTL6B,EAPASFELL,['HLA-A6802'],,,,,,
ACTL6B,ASASQSAGI,"['HLA-A6802', 'HLA-B1517']",,,,,,
ACTL6B,MSEAPASF,['HLA-B1517'],,,,,,
ACTL6B,SEAPASFEL,"['HLA-B1801', 'HLA-B3901', 'HLA-B4001', 'HLA-B4002', 'HLA-B4402', 'HLA-B4403', 'HLA-B4501', 'HLA-C0303']",,,,,,
ACTL6B,SEAPASFELL,"['HLA-B4001', 'HLA-B4002', 'HLA-B4402', 'HLA-B4403']",,,,,,
ACTL6B,FELLGSSNP,['HLA-B4002'],,,,,,
ACTL6B,PPASASQSA,['HLA-B4201'],,,,,,
ACTL6B,ASQSAGIIGW,"['HLA-B5701', 'HLA-B5801']",,,,,,
ACTL6B,QSAGIIGW,"['HLA-B5703', 'HLA-B5801']",,,,,,
ACTL6B,EAPASFEL,['HLA-C0303'],,,,,,
CELSR3,GLRGAGAAV,"['HLA-A0202', 'HLA-A0203', 'HLA-A0211', 'HLA-A0212', 'HLA-A0216', 'HLA-A0250', 'HLA-A3001', 'HLA-B0702']",,,,,,
CELSR3,LGLRGAGAAV,"['HLA-A0202', 'HLA-A0203']",,,,,,
CELSR3,ALGLRGAGA,"['HLA-A0203', 'HLA-A0250']",,,,,,
CELSR3,CPRGALGL,['HLA-B0702'],,,,,,
CELSR3,LRGAGAAVRL,['HLA-B2705'],,,,,,
DNM1,RVNCHVDFV,"['HLA-A0201', 'HLA-A0202', 'HLA-A0203', 'HLA-A0206', 'HLA-A0211', 'HLA-A0212', 'HLA-A0219', 'HLA-A3001', 'HLA-A3101', 'HLA-A6802', 'HLA-C1502']",,,,,,
DNM1,FVLSFRITI,"['HLA-A0201', 'HLA-A0202', 'HLA-A0203', 'HLA-A0206', 'HLA-A0211', 'HLA-A0216', 'HLA-A0217', 'HLA-A3201', 'HLA-A6802', 'HLA-A6901', 'HLA-B5301', 'HLA-C1203']",,,,,,
DNM1,DFVLSFRITI,"['HLA-A0201', 'HLA-A0206']",,,,,,
DNM1,RVNCHVDFVL,['HLA-A0202'],,,,,,
DNM1,VLSFRITIS,['HLA-A0203'],,,,,,
DNM1,VRVNCHVDFV,['HLA-A0203'],,,,,,
DNM1,FVLSFRITIS,"['HLA-A0203', 'HLA-A0206']",,,,,,
DNM1,GVPRPAPPV,"['HLA-A0206', 'HLA-A0216', 'HLA-A0217']",,,,,,
DNM1,HVDFVLSFR,"['HLA-A1101', 'HLA-A3101', 'HLA-A3301', 'HLA-A6801']",,,,,,
DNM1,RAPPGVPR,['HLA-A3101'],,,,,,
DNM1,CHVDFVLSFR,"['HLA-A3101', 'HLA-A3301', 'HLA-A6801']",,,,,,
DNM1,NCHVDFVLSFR,"['HLA-A3301', 'HLA-A6801']",,,,,,
DNM1,HVDFVLSFRI,"['HLA-A6801', 'HLA-A6802', 'HLA-B4002']",,,,,,
DNM1,VPRPAPPV,['HLA-B0702'],,,,,,
DNM1,RPAPPVRV,['HLA-B0702'],,,,,,
DNM1,RPAPPVRVN,['HLA-B0702'],,,,,,
DNM1,VPRPAPPVRV,['HLA-B0702'],,,,,,
DNM1,RPAPPVRVNC,['HLA-B0702'],,,,,,
DNM1,VRVNCHVDF,['HLA-B1503'],,,,,,
DNM1,CHVDFVLSF,"['HLA-B1503', 'HLA-B3801']",,,,,,
DNM1,VDFVLSFRI,['HLA-B4002'],,,,,,
DNM1,PPVRVNCHV,['HLA-B4201'],,,,,,
EPB41L4A,TSDIESPY,['HLA-A0101'],,,,,,
EPB41L4A,ITSDIESPY,"['HLA-A0101', 'HLA-A1101', 'HLA-A2902', 'HLA-A3002', 'HLA-A6801', 'HLA-A6823', 'HLA-B1501', 'HLA-B1503', 'HLA-B1517', 'HLA-B3501']",,,,,,
EPB41L4A,EITSDIESPY,"['HLA-A0101', 'HLA-A2601', 'HLA-A2602', 'HLA-A2902', 'HLA-A6801']",,,,,,
EPB41L4A,GQAEVCESV,"['HLA-A0201', 'HLA-A0202', 'HLA-A0203', 'HLA-A0206', 'HLA-A0211', 'HLA-A0212', 'HLA-A0216', 'HLA-A0250']",,,,,,
EPB41L4A,YVYQFFLQV,"['HLA-A0201', 'HLA-A0202', 'HLA-A0203', 'HLA-A0205', 'HLA-A0206', 'HLA-A0211', 'HLA-A0212', 'HLA-A0216', 'HLA-A0217', 'HLA-A0219', 'HLA-A0250', 'HLA-A2902', 'HLA-A6802', 'HLA-A6823', 'HLA-A6901', 'HLA-B1503', 'HLA-B1517', 'HLA-B2720', 'HLA-C0602', 'HLA-C1203', 'HLA-C1402', 'HLA-C1502']",,,,,,
EPB41L4A,KGQAEVCESV,"['HLA-A0201', 'HLA-A0202', 'HLA-A0203', 'HLA-A0206']",,,,,,
EPB41L4A,AYVYQFFLQV,"['HLA-A0201', 'HLA-A0202', 'HLA-A0203', 'HLA-A0206']",,,,,,
EPB41L4A,YVYQFFLQVK,"['HLA-A0201', 'HLA-A0203', 'HLA-A0206', 'HLA-A0301', 'HLA-A1101', 'HLA-A6801']",,,,,,
EPB41L4A,CAYVYQFFL,"['HLA-A0202', 'HLA-A0211', 'HLA-A6802', 'HLA-A6823', 'HLA-B1517', 'HLA-B5301', 'HLA-B5801', 'HLA-C0303']",,,,,,
EPB41L4A,KLKEEITSDI,"['HLA-A0202', 'HLA-A0203']",,,,,,
EPB41L4A,VCESVCAYV,"['HLA-A0211', 'HLA-C0501']",,,,,,
EPB41L4A,KLKEEITSD,['HLA-A0250'],,,,,,
EPB41L4A,ITSDIESPYK,"['HLA-A0301', 'HLA-A1101', 'HLA-A6801']",,,,,,
EPB41L4A,TSDIESPYK,['HLA-A1101'],,,,,,
EPB41L4A,EITSDIESPYK,"['HLA-A1101', 'HLA-A2602', 'HLA-A6801']",,,,,,
EPB41L4A,AYVYQFFLQVK,['HLA-A1101'],,,,,,
EPB41L4A,SVCAYVYQF,"['HLA-A2301', 'HLA-A2403', 'HLA-A2602', 'HLA-A2902', 'HLA-A3201', 'HLA-A3207', 'HLA-B1501', 'HLA-B1503']",,,,,,
EPB41L4A,VCAYVYQFF,"['HLA-A2301', 'HLA-A2402', 'HLA-B1503']",,,,,,
EPB41L4A,SVCAYVYQFF,"['HLA-A2301', 'HLA-A2601', 'HLA-B1501']",,,,,,
EPB41L4A,AYVYQFFL,['HLA-A2403'],,,,,,
EPB41L4A,EVCESVCAY,"['HLA-A2501', 'HLA-A2601', 'HLA-A2602', 'HLA-A2603', 'HLA-B1501', 'HLA-B3501']",,,,,,
EPB41L4A,EVCESVCAYV,"['HLA-A2601', 'HLA-A6802']",,,,,,
EPB41L4A,EEITSDIESPY,['HLA-A2602'],,,,,,
EPB41L4A,CESVCAYVY,"['HLA-A3002', 'HLA-B1503', 'HLA-B1801', 'HLA-B4002', 'HLA-B4402', 'HLA-B4403', 'HLA-B4501']",,,,,,
EPB41L4A,VCESVCAYVY,"['HLA-A3002', 'HLA-B1801', 'HLA-B4403']",,,,,,
EPB41L4A,VYQFFLQVK,['HLA-A3101'],,,,,,
EPB41L4A,ESPYKTEVTK,['HLA-A6801'],,,,,,
EPB41L4A,EVTKGQAEV,"['HLA-A6802', 'HLA-A6901']",,,,,,
EPB41L4A,AEVCESVCAYV,"['HLA-A6802', 'HLA-B4402', 'HLA-B4403']",,,,,,
EPB41L4A,AEVCESVCAY,"['HLA-B1501', 'HLA-B4402', 'HLA-B4403', 'HLA-B4501']",,,,,,
EPB41L4A,ESVCAYVY,"['HLA-B1801', 'HLA-B4403']",,,,,,
EPB41L4A,EVCESVCAYVY,"['HLA-B1801', 'HLA-B4403']",,,,,,
EPB41L4A,IESPYKTEV,['HLA-B4001'],,,,,,
EPB41L4A,CESVCAYV,['HLA-B4002'],,,,,,
EPB41L4A,AEVCESVCA,"['HLA-B4402', 'HLA-B4501']",,,,,,
EPB41L4A,QAEVCESVCAY,"['HLA-B4402', 'HLA-B4403']",,,,,,
EPB41L4A,CESVCAYVYQ,['HLA-B4403'],,,,,,
EPB41L4A,CESVCAYVYQF,['HLA-B4403'],,,,,,
EPB41L4A,QAEVCESVCA,['HLA-B4501'],,,,,,
HDGFL2,MLASEGREAV,"['HLA-A0201', 'HLA-A0202', 'HLA-A0203', 'HLA-A0206', 'HLA-A6802']",,,,,,
HDGFL2,MLASEGREA,"['HLA-A0202', 'HLA-A0203', 'HLA-A0250']",,,,,,
HDGFL2,GMLASEGREAV,['HLA-A0202'],,,,,,
HDGFL2,MLASEGREAVL,['HLA-A0202'],,,,,,
HDGFL2,LASEGREAV,"['HLA-A0206', 'HLA-C0303', 'HLA-C1203']",,,,,,
HDGFL2,RLHESERV,['HLA-A0211'],,,,,,
HDGFL2,WFGKGHSGM,['HLA-A0250'],,,,,RLHESERVRKQERERD,
HDGFL2,RLHESERVRK,"['HLA-A0301', 'HLA-A3001']",,,,,EPTIWFGKGHSGMLASEGREAVLT RLHESERVRKQERERD TEERRE,
HDGFL2,PTIWFGKGH,['HLA-A2603'],,,,,,
HDGFL2,RVRKQERER,"['HLA-A3001', 'HLA-A3101']",,,,,,
HDGFL2,LTRLHESER,"['HLA-A3101', 'HLA-A3301', 'HLA-A6801']",,,,,,
HDGFL2,RLHESERVR,['HLA-A3101'],,,,,,
HDGFL2,VLTRLHESER,['HLA-A3101'],,,,,,
HDGFL2,HSGMLASEGR,['HLA-A6801'],,,,,,
HDGFL2,RKKKEPTIW,['HLA-B1503'],,,,,,
HDGFL2,KKKEPTIWF,['HLA-B1503'],,,,,,
HDGFL2,RKKKEPTIWF,['HLA-B1503'],,,,,,
HDGFL2,ASEGREAVL,['HLA-B1517'],,,,,,
HDGFL2,ERREKAPSA,['HLA-B2720'],,,,,,
HDGFL2,REAVLTRL,['HLA-B4002'],,,,,,
HDGFL2,SEGREAVLT,['HLA-B4501'],,,,,,
HDGFL2,EERREKAPSA,['HLA-B4501'],,,,,,
HDGFL2,FGKGHSGML,"['HLA-C0303', 'HLA-C1203']",,,,,,
MYO18A,TLPKPGSPGK,['HLA-A0301'],,,,,,
MYO18A,KTLPKPGSPGK,"['HLA-A0301', 'HLA-A1101', 'HLA-A3001']",,,,,,
MYO18A,GPRREPSDV,['HLA-B0702'],,,,,,
NECAB2,CMGGFGHSL,"['HLA-A0201', 'HLA-A0202', 'HLA-A0203', 'HLA-A0211', 'HLA-A0212', 'HLA-A0216', 'HLA-A0219', 'HLA-A0250', 'HLA-A2403', 'HLA-B1503', 'HLA-B3901']",,,,,,
NECAB2,SLSIFESLL,"['HLA-A0201', 'HLA-A0202', 'HLA-A0203']",,,,,,
NECAB2,SIFESLLCA,"['HLA-A0201', 'HLA-A0202', 'HLA-A0203', 'HLA-A0206', 'HLA-A0211', 'HLA-A0212', 'HLA-A0216']",,,,,,
NECAB2,SLLCAGHSA,"['HLA-A0201', 'HLA-A0202', 'HLA-A0203', 'HLA-A0206', 'HLA-A0211', 'HLA-A0212', 'HLA-A0216', 'HLA-A0250']",,,,,,
NECAB2,FCMGGFGHSL,"['HLA-A0201', 'HLA-A0202', 'HLA-A0203', 'HLA-A0206', 'HLA-A0250']",,,,,,
NECAB2,LSIFESLLCA,"['HLA-A0201', 'HLA-A0203', 'HLA-A0206']",,,,,,
NECAB2,SLSIFESLLCA,['HLA-A0201'],,,,,,
NECAB2,SLSIFESL,['HLA-A0202'],,,,,,
NECAB2,HSLSIFESLL,"['HLA-A0202', 'HLA-B5701']",,,,,,
NECAB2,SLSIFESLLC,['HLA-A0202'],,,,,,
NECAB2,SFCMGGFGHSL,"['HLA-A0202', 'HLA-A0250']",,,,,,
NECAB2,SQLRSFSAS,"['HLA-A0206', 'HLA-B1503']",,,,,,
NECAB2,HSLSIFESL,"['HLA-A0206', 'HLA-A3207', 'HLA-A6802', 'HLA-A6901', 'HLA-B5801']",,,,,,
NECAB2,SQLRSFSASF,"['HLA-A0206', 'HLA-B1501', 'HLA-B1503']",,,,,,
NECAB2,FCMGGFGHS,['HLA-A0250'],,,,,,
NECAB2,SLLCAGHSAR,"['HLA-A0301', 'HLA-A3101', 'HLA-A3301']",,,,,,
NECAB2,HSARQNHIK,"['HLA-A1101', 'HLA-A3001', 'HLA-A6801']",,,,,,
NECAB2,GHSARQNHIK,['HLA-A1101'],,,,,,
NECAB2,GFGHSLSIF,"['HLA-A2301', 'HLA-A2403']",,,,,,
NECAB2,FSASFCMGGF,"['HLA-A2601', 'HLA-B1501']",,,,,,
NECAB2,EQTSQLRSF,"['HLA-A2602', 'HLA-B1501', 'HLA-B1503']",,,,,,
NECAB2,SASFCMGGF,"['HLA-A2602', 'HLA-B1517']",,,,,,
NECAB2,RSFSASFCM,"['HLA-A3001', 'HLA-A3002', 'HLA-A3207', 'HLA-A6823', 'HLA-B1501', 'HLA-B1503', 'HLA-B1517', 'HLA-B2720', 'HLA-B4013', 'HLA-B5701', 'HLA-B5801', 'HLA-C0303', 'HLA-C1203', 'HLA-C1502']",,,,,,
NECAB2,ASFCMGGFG,['HLA-A3001'],,,,,,
NECAB2,LLCAGHSAR,"['HLA-A3101', 'HLA-A3301']",,,,,,
NECAB2,QLRSFSASF,"['HLA-A3201', 'HLA-A3207', 'HLA-B0801', 'HLA-B1501', 'HLA-B1502', 'HLA-B1503']",,,,,,
NECAB2,ESLLCAGHSAR,['HLA-A3301'],,,,,,
NECAB2,QTSQLRSFSA,['HLA-A6802'],,,,,,
NECAB2,QLRSFSASFC,['HLA-B1501'],,,,,,
NECAB2,LRSFSASFCM,"['HLA-B1501', 'HLA-B2705']",,,,,,
NECAB2,GGFGHSLSIF,['HLA-B1501'],,,,,,
NECAB2,TSQLRSFSASF,"['HLA-B1501', 'HLA-B1503']",,,,,,
NECAB2,LRSFSASF,['HLA-B1503'],,,,,,
NECAB2,RQNHIKPSH,"['HLA-B1503', 'HLA-B2720']",,,,,,
NECAB2,SQLRSFSASFC,['HLA-B1503'],,,,,,
NECAB2,ASFCMGGF,['HLA-B1517'],,,,,,
NECAB2,FESLLCAGH,['HLA-B1801'],,,,,,
NECAB2,GHSLSIFESLL,['HLA-B3801'],,,,,,
NECAB2,EEQTSQLRSF,"['HLA-B4402', 'HLA-B4403']",,,,,,
NECAB2,RSFSASFCMG,['HLA-B5701'],,,,,,
PTPRZ1,KLEKQFQGL,"['HLA-A0202', 'HLA-A0212', 'HLA-A0250', 'HLA-A3207']",,,,,,
PTPRZ1,ISAHCNLPL,"['HLA-A0202', 'HLA-A0206', 'HLA-A6802', 'HLA-B1503', 'HLA-B1517', 'HLA-B5801']",,,,,,
PTPRZ1,GLTDPPTSA,"['HLA-A0202', 'HLA-A0203', 'HLA-A0250']",,,,,,
PTPRZ1,FQGLTLSPRL,"['HLA-A0202', 'HLA-A0203', 'HLA-A0206', 'HLA-B1501']",,,,,,
PTPRZ1,TISAHCNLPL,"['HLA-A0202', 'HLA-A0203', 'HLA-A6802']",,,,,,
PTPRZ1,KQFQGLTLS,['HLA-A0206'],,,,,,
PTPRZ1,GTISAHCNL,"['HLA-A0216', 'HLA-A6823', 'HLA-B1517']",,,,,,
PTPRZ1,LTLSPRLECR,"['HLA-A1101', 'HLA-A3101', 'HLA-A3301', 'HLA-A6801']",,,,,,
PTPRZ1,ECRGTISAH,['HLA-A2602'],,,,,,
PTPRZ1,SAHCNLPLP,['HLA-A3001'],,,,,,
PTPRZ1,ASRVARTIL,"['HLA-A3001', 'HLA-B0702', 'HLA-B1517']",,,,,,
PTPRZ1,ASRVARTILL,"['HLA-A3001', 'HLA-B2705']",,,,,,
PTPRZ1,TSASRVAR,['HLA-A3101'],,,,,,
PTPRZ1,FQGLTLSPR,['HLA-A3101'],,,,,,
PTPRZ1,TLSPRLECR,"['HLA-A3101', 'HLA-A3301', 'HLA-A6801']",,,,,,
PTPRZ1,PTSASRVAR,"['HLA-A3101', 'HLA-A6801']",,,,,,
PTPRZ1,QFQGLTLSPR,"['HLA-A3101', 'HLA-A3301']",,,,,,
PTPRZ1,KQFQGLTLSPR,['HLA-A3101'],,,,,,
PTPRZ1,DPPTSASRVAR,['HLA-A3301'],,,,,,
PTPRZ1,LTDPPTSASR,['HLA-A6801'],,,,,,
PTPRZ1,TSASRVARTI,['HLA-A6802'],,,,,,
PTPRZ1,SPRLECRGTI,"['HLA-B0702', 'HLA-B2705']",,,,,,
PTPRZ1,SASRVARTIL,['HLA-B0702'],,,,,,
PTPRZ1,LSPRLECRGTI,['HLA-B0702'],,,,,,
PTPRZ1,SPRLECRGTIS,['HLA-B0702'],,,,,,
PTPRZ1,KQFQGLTLSP,['HLA-B1501'],,,,,,
PTPRZ1,KQFQGLTL,['HLA-B1503'],,,,,,
PTPRZ1,EKQFQGLTL,"['HLA-B1503', 'HLA-B3901']",,,,,,
PTPRZ1,RTILLSQSN,['HLA-B1517'],,,,,,
PTPRZ1,SRVARTILL,"['HLA-B2705', 'HLA-B3901', 'HLA-C0602', 'HLA-C0701']",,,,,,
PTPRZ1,SRVARTILLS,['HLA-B2705'],,,,,,
PTPRZ1,LPGLTDPPT,"['HLA-B3501', 'HLA-B5401']",,,,,,
PTPRZ1,LEKQFQGLTL,"['HLA-B4001', 'HLA-B4002']",,,,,,
PTPRZ1,LECRGTISA,"['HLA-B4002', 'HLA-B4501']",,,,,,
PTPRZ1,RLECRGTISA,"['HLA-B4002', 'HLA-B4501']",,,,,,
PTPRZ1,SASRVARTI,['HLA-B5801'],,,,,,
PTPRZ1,LTDPPTSAS,['HLA-C0501'],,,,,,
PXDN,SDGLELCY,['HLA-A0101'],,,,,,
PXDN,HSDTCDLDK,['HLA-A0101'],,,,,,
PXDN,SSDGLELCY,"['HLA-A0101', 'HLA-A2902', 'HLA-A8001']",,,,,,
PXDN,RSSDGLELCY,"['HLA-A0101', 'HLA-A1101', 'HLA-A3002', 'HLA-B1501', 'HLA-B5801']",,,,,,
PXDN,SSDGLELCYH,['HLA-A0101'],,,,,,
PXDN,KRSSDGLELCY,['HLA-A0101'],,,,,,
PXDN,SSDGLELCYHY,['HLA-A0101'],,,,,,
PXDN,LCYHYNDLV,"['HLA-A0202', 'HLA-A0211', 'HLA-C1203']",,,,,,
PXDN,LELCYHYNDL,"['HLA-A0202', 'HLA-B4001', 'HLA-B4002']",,,,,,
PXDN,ELCYHYNDLV,"['HLA-A0202', 'HLA-A6802']",,,,,,
PXDN,MVDLNGTSV,"['HLA-A0203', 'HLA-A0206', 'HLA-A0250', 'HLA-A6901', 'HLA-C0501', 'HLA-C1203']",,,,,,
PXDN,GLELCYHYN,['HLA-A0250'],,,,,,
PXDN,ELCYHYNDL,['HLA-A0250'],,,,,,
PXDN,DTCDLDKQK,['HLA-A6801'],,,,,,
PXDN,WAGETLEKR,['HLA-A6801'],,,,,,
PXDN,KQKWAGETL,"['HLA-B1501', 'HLA-B1503', 'HLA-B2720', 'HLA-B4001']",,,,,,
PXDN,KRSSDGLEL,['HLA-B1503'],,,,,,
PXDN,LEKRSSDGL,['HLA-B4001'],,,,,,
PXDN,SVHSDTCDL,['HLA-C1402'],,,,,,
SLC24A3,WMDGWIANF,"['HLA-A0206', 'HLA-A0206', 'HLA-A0211', 'HLA-A0211', 'HLA-A0212', 'HLA-A0212', 'HLA-A0216', 'HLA-A0216', 'HLA-A0219', 'HLA-A0219', 'HLA-A0250', 'HLA-A0250', 'HLA-A2301', 'HLA-A2301', 'HLA-A2602', 'HLA-A2602', 'HLA-A2902', 'HLA-A2902', 'HLA-B1502', 'HLA-B1502', 'HLA-B1503', 'HLA-B1503', 'HLA-C0501', 'HLA-C0501', 'HLA-C1203', 'HLA-C1203']",,,,,,
SLC24A3,WMDGWIAN,"['HLA-A0211', 'HLA-A0211']",,,,,,
SLC24A3,WIANFHRKA,"['HLA-A0250', 'HLA-A0250']",,,,,,
SLC24A3,VLLKKEGRK,['HLA-A0301'],,,,,,
SLC24A3,VVLLKKEGRK,['HLA-A0301'],,,,,,
SLC24A3,ATVVLLKK,"['HLA-A1101', 'HLA-A1101']",,,,,,
SLC24A3,EWMDGWIANF,"['HLA-A2301', 'HLA-A2301', 'HLA-A2402', 'HLA-A2402']",,,,,,
SLC24A3,VVLLKKEGR,['HLA-A3101'],,,,,,
SLC24A3,MDGWIANFHR,"['HLA-A3101', 'HLA-A3101', 'HLA-A3301', 'HLA-A3301', 'HLA-A6801', 'HLA-A6801']",,,,,,
SLC24A3,WMDGWIANFHR,"['HLA-A3101', 'HLA-A3101', 'HLA-A3301', 'HLA-A3301']",,,,,,
SLC24A3,RKEEWMDGW,"['HLA-A3207', 'HLA-A3207', 'HLA-B5703', 'HLA-B5703']",,,,,,
SLC24A3,DGWIANFHR,"['HLA-A3301', 'HLA-A3301']",,,,,,
SLC24A3,TVVLLKKEGR,['HLA-A6801'],,,,,,
SLC24A3,EEWMDGWI,"['HLA-B1801', 'HLA-B1801']",,,,,,
SLC24A3,EEWMDGWIA,"['HLA-B1801', 'HLA-B1801', 'HLA-B4002', 'HLA-B4002', 'HLA-B4501', 'HLA-B4501']",,,,,,
SLC24A3,EEWMDGWIANF,"['HLA-B1801', 'HLA-B1801', 'HLA-B4403', 'HLA-B4403']",,,,,,
SLC24A3,KEEWMDGWI,"['HLA-B4001', 'HLA-B4001']",,,,,,
SLC24A3,KEEWMDGWIA,"['HLA-B4002', 'HLA-B4002', 'HLA-B4501', 'HLA-B4501']",,,,,,
SLC24A3,KEGIRKEEW,"['HLA-B4402', 'HLA-B4402']",,,,,,
SLC24A3,RKEGIRKEEW,"['HLA-B4402', 'HLA-B4402']",,,,,,
SLC24A3,EWMDGWIA,"['HLA-B4501', 'HLA-B4501']",,,,,,
SLC24A3,EEWMDGWIAN,"['HLA-B4501', 'HLA-B4501']",,,,,,
SLC24A3-2,VVLLKKGRK,['HLA-A0301'],,,,,,
SLC24A3-2,KGRKEGIRK,['HLA-A3001'],,,,,,
SLC24A3-2,KKGRKEGIRK,['HLA-A3001'],,,,,,
SLC24A3-2,TVVLLKKGR,['HLA-A6801'],,,,,,
STMN2,AMGLGRRPSR,"['HLA-A0301', 'HLA-A3101']",,,,,,
STMN2,MAKTAMGLG,['HLA-A3001'],,,,,,
STMN2,KTAMGLGRR,['HLA-A3101'],,,,,,
STMN2,MGLGRRPSR,"['HLA-A3101', 'HLA-A3301']",,,,,,
STMN2,MAKTAMGLGR,"['HLA-A3101', 'HLA-A6801']",,,,,,
SYNJ2,RLKSAVEHV,"['HLA-A0202', 'HLA-A0203', 'HLA-A0205', 'HLA-A0206', 'HLA-A0211', 'HLA-A0212', 'HLA-A0219', 'HLA-A0250', 'HLA-A3001']",,,,,,
SYNJ2,LRLKSAVEHV,"['HLA-A0202', 'HLA-A0203', 'HLA-B2705']",,,,,,
SYNJ2,VEHVGQHGV,"['HLA-A0250', 'HLA-B4002']",,,,,,
SYNJ2,SAVEHVGQH,['HLA-A2602'],,,,,,
SYNJ2,ELRLKSAV,['HLA-B0801'],,,,,,
SYNJ2,GELRLKSAV,"['HLA-B4001', 'HLA-B4002', 'HLA-B4501']",,,,,,
SYNJ2,AVEHVGQHGV,['HLA-B4501'],,,,,,
XPO4,RLAHCWRLTV,"['HLA-A0201', 'HLA-A0202', 'HLA-A0203', 'HLA-A0206']",,,,,,
XPO4,TLVERRERL,['HLA-A0202'],,,,,,
XPO4,RLTVCVCVWA,['HLA-A0202'],,,,,,
XPO4,RLAHCWRLT,['HLA-A0203'],,,,,,
XPO4,LTVCVCVWA,"['HLA-A0206', 'HLA-A6802']",,,,,,
XPO4,LAHCWRLTV,"['HLA-A0211', 'HLA-C1203']",,,,,,
XPO4,HCWRLTVCV,"['HLA-A0211', 'HLA-A0216', 'HLA-A6802', 'HLA-A6901']",,,,,,
XPO4,VCVCVWANL,['HLA-A0211'],,,,,,
XPO4,CVCVWANLV,"['HLA-A0211', 'HLA-A6802']",,,,,,
XPO4,RERLAHCWR,['HLA-A3101'],,,,,,
XPO4,RRERLAHCWR,"['HLA-A3101', 'HLA-B2705']",,,,,,
XPO4,TVCVCVWANL,['HLA-A6802'],,,,,,
XPO4,ERLAHCWRL,"['HLA-B0801', 'HLA-B2705', 'HLA-B2720', 'HLA-B3901']",,,,,,
XPO4,WRLTVCVCV,"['HLA-B2705', 'HLA-B2720', 'HLA-B3901']",,,,,,
XPO4,RERLAHCWRL,"['HLA-B2705', 'HLA-B4001', 'HLA-B4002']",,,,,,
XPO4,ERLAHCWRLT,['HLA-B2705'],,,,,,
XPO4,RRERLAHCWRL,['HLA-B2705'],,,,,,
XPO4,RERLAHCWRLT,['HLA-B2705'],,,,,,
XPO4,RRERLAHCW,['HLA-B2720'],,,,,,
XPO4,RERLAHCW,"['HLA-B4402', 'HLA-B4403']",,,,,,
XPO4,LTVCVCVW,"['HLA-B5701', 'HLA-B5801']",,,,,,
XPO4,RLTVCVCVW,['HLA-B5801'],,,,,,
ZNF423,GVLGSAWDS,['HLA-A0216'],,,,,,
ZNF423,RAHRCPGVL,"['HLA-A3001', 'HLA-B0702', 'HLA-C0303', 'HLA-C1203', 'HLA-C1502']",,,,,,
ZNF423,RGSLCGEPCR,['HLA-A3101'],,,,,,
ZNF423,SAWDSRGSL,"['HLA-B0702', 'HLA-B1503', 'HLA-C0303', 'HLA-C1203', 'HLA-C1402']",,,,,,
ZNF423,RCPGVLGSAW,"['HLA-B0702', 'HLA-B5301']",,,,,,
ZNF423,HRAHRCPGV,"['HLA-B2705', 'HLA-B2720']",,,,,,
ZNF423,HRAHRCPGVL,['HLA-B2705'],,,,,,
ZNF423,CPGVLGSAW,"['HLA-B4201', 'HLA-B5301']",,,,,,
ZNF423,CPGVLGSAWD,['HLA-B5301'],,,,,,